Timestamp,Q1.1_DCKD_Phuong,Q1.5_DCCT_Phuong,Q1.6_DCCT_Quan,Q1.7_LVKD,Q1.8_SLNV,Q1.9_TGHD,Q2.1_MucDo_ONKK,Q2.2_MucDo_NgapLut,Q2.3_MucDo_ONTO,Q2.4_MucDo_ONN,Q2.4_MucDo_UTGT_TT,Q2.5_MucDo_UTGT_KD,Q2.6_MucDo_TNGT_KD,Q2.7_TG_DiLam,Q2.8_KSD_GTCC,Q2.9_DeDang_KVCC,Q2.10_TX_KCB,Q2.12_MucDo_PLRac,Q2.13_MucDo_HTCTN,Q2.15_MucDo_HT_CSCC,Q2.16_MucDo_HTDuongXa,Q2.17_MucDo_KGTonGiao,Q2.18_MucDo_CuaHang,Q3.1_LyDo_ChonNoiKD,Q3.2_MucDo_MM_TimNoiO,Q3.3_MucDo_AnNinh,Q3.4_MucDo_CongDongDanCu,Q3.5_MucDo_PhuHop_NGTE,Q4.1_TocDo_TT,Q4.2_LoiNhuan,Q4.3_DTKH,Q4.4_SLKH,Q4.5_MM_ChiaSe,Q4.6_ThachThuc,Q4.7_MucDo_LoiThe,Q4.8_MucDo_TiepTuc,Q4.9_MucDo_ThayDoiTot,Q4.10_MucDo_CTHT,Q4.11_MucDo_HTTP,Q4.12_MM_ThayDoi,Q4.13_DongY_TGiaPVSau,rid,geo_ok,d_bus_m_osm2023,d_metro_m_osm2023,poi_1000m_osm2023,d_bus_m_osm2026,d_metro_m_osm2026,poi_1000m_osm2026,delta_access_m,delta_poi,treated,road_density,net_dist_bus_m_osm2023,detour_ratio_osm2023,net_dist_bus_m_osm2026,detour_ratio_osm2026,net_dist_bus_m,detour_ratio,pop_dens_2020,pop_dens_2025,built_s_2020,built_s_2025,ndbi_2023,ndbi_2026,d_ndbi,pop_growth_pct,sector_en,b2c,micro,tenure_y,customers_m,growth,exposure,cluster
2023-03-26 18:41:14.146,Linh Tây,Linh Tây,TP. Thủ Đức,Công nghệ,0-5 người,<2 năm,3,1,3,1,1,1,1,<10 phút,Không có ý kiến,4,Có,4,4,4,4,4,4,Gia đình/họ hàng tôi đã kinh doanh ở đây,4,4,4,3,Đạt kết quả tốt,>10tr,Người tiêu dùng (mô hình B2C),<100,Không,không có điều ngăn cản,4,4,4,4,3,đất không đủ,Không,S001,True,21.434552136335597,1992.35491323193,80.0,25.130696144442357,1989.286467125901,83.0,-3.69614400810676,3.0,0,25474.60247169097,21.486195327453466,1.002409343138564,28.90024194076916,1.1499976671820304,28.90024194076916,1.1499976671820304,142.79917907714844,162.11582946777344,3684.0,3684.0,0.1989174634218216,0.1824948638677597,-0.0164225902408361,13.527143864173771,Other,1,1,2.0,50,3,>1000 m,0
2023-03-26 18:58:35.217,Linh Tây,Linh Tây,TP. Thủ Đức,làm đẹp,0-5 người,>5 năm,3,1,1,2,1,1,1,<10 phút,Không có ý kiến,5,Không,2,4,4,4,4,4,Gia đình/họ hàng tôi đã kinh doanh ở đây,2,4,4,4,Đạt kết quả tốt,>10tr,Người tiêu dùng (mô hình B2C),<100,Không,không có điều gì khác,3,4,4,2,3,không thêm gì hết,Không,S002,True,89.6827376411712,2023.1424319495509,84.0,80.60444759658678,2019.2795291592977,87.0,9.07829004458442,3.0,0,25407.22678736225,207.9455328545812,2.318679584543797,103.39144071397462,1.2827014364199023,103.39144071397462,1.2827014364199023,145.05203247070312,164.6734161376953,3803.0,3803.0,0.0090466253459453,0.023087864741683,0.0140412403270602,13.527134596307857,Other,1,1,8.0,50,3,>1000 m,0
2023-03-29 16:26:57.598,Trường Thọ,Trường Thọ,TP. Thủ Đức,Tạp hoá,0-5 người,<5 năm,2,1,1,1,3,3,2,<10 phút,Thói quen sử dụng xe máy để di chuyển,3,Không,2,2,3,3,3,3,Gia đình/họ hàng tôi đã kinh doanh ở đây,5,1,2,3,Đạt kết quả kém,>10tr,Người tiêu dùng (mô hình B2C),<100,Có,Các vấn đề liên quan môi trường kinh tế + thương mại,1,5,3,3,3,Thêm dịch vụ tiện ích,Không,S003,True,940.3149971083292,1217.610037261746,12.0,318.1983511046853,1228.7866682239253,13.0,622.1166460036438,1.0,0,16558.626386904813,1269.4214383479298,1.3499959505609012,418.9896489245075,1.3167561914444443,418.9896489245075,1.3167561914444443,41.35421371459961,46.94825744628906,1119.0,1119.0,-0.1361369788646698,-0.0835249051451683,0.052612081170082,13.52714325629783,Grocery,1,1,5.0,50,1,>1000 m,0
2023-04-05 18:23:01.995,Trường Thọ,Trường Thọ,TP. Thủ Đức,Tạp hoá,0-5 người,<2 năm,4,3,4,3,3,3,3,<10 phút,Không cảm thấy thoải mái khi phải đi bộ đến các trạm,2,Không,1,1,1,1,1,1,Gia đình/họ hàng tôi đã kinh doanh ở đây,1,2,2,1,Đạt kết quả kém,>10tr,Cả 2,<100,Không,Các vấn đề liên quan cơ sở hạ tầng + giao thông,1,2,3,3,3,"Thêm dịch vụ tiện ích, Thêm sân chơi cộng đồng (công viên, sân chơi thể thao,hồ bơi..)",Không,S004,True,999.1981167175592,1025.986560506766,5.0,99.84060750342196,1038.259479953667,5.0,899.357509214137,0.0,0,18383.809214281784,1287.5349924440627,1.2885682738011075,168.21855843966404,1.6848711425749137,168.21855843966404,1.6848711425749137,203.9828948974609,231.5759429931641,5209.0,5209.0,0.063952200114727,0.1008308976888656,0.0368786975741386,13.527138199295448,Grocery,0,1,2.0,50,1,>1000 m,3
2023-04-05 18:34:52.442,Trường Thọ,Trường Thọ,TP. Thủ Đức,Tạp hoá,0-5 người,<1 năm,4,4,4,4,4,4,4,<10 phút,Thói quen sử dụng xe máy để di chuyển,3,Không,3,3,3,3,3,3,Gia đình/họ hàng tôi đã kinh doanh ở đây,3,3,3,3,Đạt kết quả kém,>10tr,Cả 2,<100,Không,Các vấn đề liên quan cơ sở hạ tầng + giao thông,3,3,3,3,3,"Thêm trung tâm thương mại, Thêm dịch vụ tiện ích, Thêm nơi làm việc",Không,S005,True,316.54900803275865,170.4961859465637,31.0,123.54866892056292,167.65008031449273,38.0,193.0003391121957,7.0,1,23928.452883139584,577.3525748430034,1.823896332612279,200.667825792658,1.6242006291599933,200.667825792658,1.6242006291599933,43.12080383300781,48.95381546020508,1055.0,1055.0,0.0519047603011131,0.1310917288064956,0.0791869610548019,13.527140286592369,Grocery,0,1,1.0,50,1,<500 m,3
2023-04-02 22:09:02.780,Trường Thọ,Trường Thọ,TP. Thủ Đức,kinh doanh xe,0-5 người,<5 năm,4,3,4,2,3,3,2,<10 phút,Thói quen sử dụng xe máy để di chuyển,3,Có,3,3,3,3,3,3,"Chi phí bất động sản (nhà cửa, đất đai) ở đây phù hợp với tôi",3,2,3,2,Đạt kết quả khá tốt,>10tr,Người tiêu dùng (mô hình B2C),<100,Không,Các vấn đề liên quan môi trường xã hội + văn hóa,3,4,4,3,3,Thêm các khu nhà ở,Có,S006,True,767.0689899657353,1329.713891281024,9.0,39.098514803970346,1341.7601772924847,11.0,727.970475161765,2.0,0,18247.3219940095,924.368022682867,1.2050650394877236,67.95513428089399,1.7380489929503238,67.95513428089399,1.7380489929503238,226.3239898681641,256.93914794921875,5045.0,5045.0,0.0799999982118606,0.119097463786602,0.0390974655747413,13.527137842916394,Other,1,1,5.0,50,2,>1000 m,0
2023-04-02 21:53:12.535,Trường Thọ,Trường Thọ,TP. Thủ Đức,Tạp hoá,0-5 người,<5 năm,3,3,4,4,2,2,2,<10 phút,Thói quen sử dụng xe máy để di chuyển,4,Có,2,3,4,4,3,4,"Chi phí bất động sản (nhà cửa, đất đai) ở đây phù hợp với tôi",4,3,3,4,Đạt kết quả tốt,>10tr,Người tiêu dùng (mô hình B2C),>100,Không,Các vấn đề liên quan môi trường tự nhiên + thời tiết / khí hậu,3,4,3,3,3,Thêm các khu nhà ở,Có,S007,True,837.9340069231266,1186.7639769118996,6.0,59.20457964269426,1199.0651292201378,6.0,778.7294272804323,0.0,0,17310.272450407054,1180.368485440841,1.408665211924177,102.63636106305307,1.7335882069001094,102.63636106305307,1.7335882069001094,189.2836456298828,214.8883056640625,4231.0,4231.0,-0.0197316501289606,0.0405751205980777,0.0603067688643932,13.5271380414164,Grocery,1,1,5.0,150,3,>1000 m,0
2023-04-05 10:33:14.454,Trường Thọ,Trường Thọ,TP. Thủ Đức,Tạp hoá,0-5 người,<5 năm,2,2,3,2,2,2,2,<10 phút,Thói quen sử dụng xe máy để di chuyển,3,Không,3,4,4,4,4,4,"Chi phí bất động sản (nhà cửa, đất đai) ở đây phù hợp với tôi",3,3,3,3,Đạt kết quả tốt,>10tr,Người tiêu dùng (mô hình B2C),>100,Không,Các vấn đề liên quan môi trường tự nhiên + thời tiết / khí hậu,3,4,4,4,4,Thêm các khu nhà ở,Không,S008,True,1161.7237657830303,784.2911730546988,8.0,137.26350317428842,796.6335606650144,9.0,1024.460262608742,1.0,1,18145.09174554651,1596.6094842580674,1.3743452026066745,285.8732581183264,2.08266036861483,285.8732581183264,2.08266036861483,208.55551147460935,236.76710510253903,4097.0,4097.0,0.0711864382028579,0.0992321893572807,0.0280457492917776,13.52713885548132,Grocery,1,1,5.0,150,3,500–1000 m,0
2023-04-05 11:09:12.929,Linh đông,Linh đông,TP. Thủ Đức,Xây dựng thiết kế,0-5 người,>5 năm,2,2,2,2,2,2,2,<10 phút,Thói quen sử dụng xe máy để di chuyển,4,Không,3,4,4,4,4,4,"Chi phí bất động sản (nhà cửa, đất đai) ở đây phù hợp với tôi",4,4,3,3,Đạt kết quả khá tốt,>10tr,Cả 2,>100,Không,Các vấn đề liên quan môi trường tự nhiên + thời tiết / khí hậu,3,3,4,4,3,Thêm các khu nhà ở,Không,S009,True,173.6119830799829,2074.4401626928857,18.0,125.51166490382768,2085.81976892809,20.0,48.10031817615523,2.0,0,21875.80735905959,180.50542445811945,1.0397060229129502,144.44277801617366,1.1508315034052954,144.44277801617366,1.1508315034052954,166.29122924804688,188.78567504882807,3847.0,3847.0,0.0911583304405212,0.0263996366411447,-0.064758688211441,13.527139045455971,Other,0,1,8.0,150,2,>1000 m,3
2023-04-05 11:16:29.508,Trường Thọ,Trường Thọ,TP. Thủ Đức,Tạp hoá,0-5 người,<5 năm,2,2,2,2,2,2,2,<10 phút,Thói quen sử dụng xe máy để di chuyển,4,Không,3,4,4,4,3,3,"Chi phí bất động sản (nhà cửa, đất đai) ở đây phù hợp với tôi",4,4,4,4,Đạt kết quả khá tốt,>10tr,Cả 2,>100,Không,Các vấn đề liên quan môi trường tự nhiên + thời tiết / khí hậu,3,3,4,3,3,Thêm dịch vụ tiện ích,Không,S010,True,1052.038292166785,992.2234057766118,5.0,292.1407084234529,1004.4382489964952,5.0,759.897583743332,0.0,0,16921.463596612586,1672.8988114014069,1.5901501151216593,565.6186390474103,1.936117161143992,565.6186390474103,1.936117161143992,244.11032104492188,277.1314697265625,4966.0,4966.0,-0.0255969017744064,-0.0022978445049375,0.0232990588992834,13.527141556445692,Grocery,0,1,5.0,150,2,>1000 m,3
2023-03-21 12:03:47.103,Bình Thọ,Bình Thọ,TP. Thủ Đức,Tạp hoá,0-5 người,>5 năm,4,1,4,1,1,1,2,<10 phút,Thói quen sử dụng xe máy để di chuyển,2,Không,3,4,4,5,4,4,Gia đình/họ hàng tôi đã kinh doanh ở đây,2,2,2,4,Đạt kết quả khá tốt,>30tr,Người tiêu dùng (mô hình B2C),>100,Có,Các vấn đề liên quan môi trường kinh tế + thương mại,4,4,4,2,3,"Thêm dịch vụ tiện ích, Thêm sân chơi cộng đồng (công viên, sân chơi thể thao,hồ bơi..)",Không,S011,True,50.509816532873984,1303.5676441347402,113.0,39.79100773484658,1302.7985969570757,118.0,10.718808798027403,5.0,0,21525.569160330797,134.36434599625133,2.6601630181887748,123.47892607386352,3.103186702299276,123.47892607386352,3.103186702299276,107.22652435302734,121.73120880126952,3568.0,3568.0,0.0303156152367591,0.0685059651732444,0.0381903462111949,13.52714222134784,Grocery,1,1,8.0,150,2,>1000 m,0
2023-03-23 20:51:52.676,Trường Thọ,Trường Thọ,TP. Thủ Đức,Kinh doanh dịch vụ ăn uống,0-5 người,<2 năm,4,2,4,3,2,2,2,<10 phút,Số lượng điểm dừng và tần suất các chuyến chưa đủ,3,Không,4,4,4,3,3,4,"Gia đình/họ hàng tôi đã kinh doanh ở đây, Khách hàng tiềm năng của tôi tập trung nhiều tại khu vực này, Vị trí và hệ thống giao thông thuận tiện",5,4,4,5,Đạt kết quả khá tốt,>10tr,Người tiêu dùng (mô hình B2C),<100,Có,Các vấn đề liên quan môi trường kinh tế + thương mại,4,4,3,4,5,Thêm dịch vụ tiện ích,Không,S012,True,552.1704205448461,1364.3284848911064,49.0,440.129054102424,1372.3429643416089,51.0,112.04136644242216,2.0,0,17048.38077567823,810.2278890763229,1.4673511273509403,612.8456898938724,1.3924227091612429,612.8456898938724,1.3924227091612429,227.0332946777344,257.7444152832031,5187.0,5187.0,0.0940284356474876,0.0931765511631965,-0.000851881573908,13.527143958802204,Food & drink service,1,1,2.0,50,2,>1000 m,0
2023-03-23 21:01:30.690,Trường Thọ,Trường Thọ,TP. Thủ Đức,sửa xe máy,0-5 người,<1 năm,2,3,3,1,1,1,1,<10 phút,Thói quen sử dụng xe máy để di chuyển,4,Không,4,3,4,4,2,3,"Khách hàng tiềm năng của tôi tập trung nhiều tại khu vực này, Vị trí và hệ thống giao thông thuận tiện, Chi phí bất động sản (nhà cửa, đất đai) ở đây phù hợp với tôi",3,3,4,2,Đạt kết quả khá tốt,>10tr,Người tiêu dùng (mô hình B2C),<100,Có,Các vấn đề liên quan cơ sở hạ tầng + giao thông,4,3,4,2,3,Thêm trung tâm thương mại,Không,S013,True,533.3611997637254,1536.7039772784617,48.0,222.71222134156088,1545.9574301469088,49.0,310.64897842216453,1.0,0,16432.322646310135,1059.3166850476389,1.9861150108348848,298.269279927987,1.339258699550882,298.269279927987,1.339258699550882,14.953540802001951,16.976327896118164,371.0,371.0,-0.1468695104122162,0.0033898304682224,0.1502593457698822,13.527144646874564,Other,1,1,1.0,50,2,>1000 m,0
2023-03-20 00:05:30.193,Trường Thọ,Trường Thọ,TP. Thủ Đức,Tạp hoá,0-5 người,>5 năm,3,1,3,5,4,4,2,<10 phút,Thói quen sử dụng xe máy để di chuyển,4,Không,2,4,4,4,4,5,Khách hàng tiềm năng của tôi tập trung nhiều tại khu vực này,5,4,4,4,Đạt kết quả khá tốt,>10tr,Người tiêu dùng (mô hình B2C),>300,Không,Không có,4,4,4,4,3,Thêm các khu nhà ở,Có,S014,True,479.94680599198506,695.6213268457477,38.0,434.272967084907,702.2462359336309,43.0,45.67383890707805,5.0,1,15823.307386744851,642.7656299642675,1.3392434785262464,517.3508698277681,1.1913034175268342,517.3508698277681,1.1913034175268342,306.1371765136719,347.5487670898437,3815.0,3815.0,0.0278011802583932,-0.0093245394527912,-0.0371257178485393,13.527135465144156,Grocery,1,1,8.0,350,2,500–1000 m,1
2023-03-26 12:52:23.960,Trường Thọ,Trường Thọ,TP. Thủ Đức,Kinh doanh dịch vụ ăn uống,0-5 người,<1 năm,3,1,3,3,3,3,1,<10 phút,Không có ý kiến,3,Có,3,4,3,3,3,3,Khách hàng tiềm năng của tôi tập trung nhiều tại khu vực này,3,3,3,3,Đạt kết quả khá tốt,>10tr,Người tiêu dùng (mô hình B2C),<100,Không,Các vấn đề liên quan cơ sở hạ tầng + giao thông,3,4,4,4,3,Thêm nơi làm việc,Không,S015,True,1087.554555007256,763.6986877529476,7.0,51.33820463449663,775.9257796245563,7.0,1036.2163503727595,0.0,1,18508.42041201499,1406.490051360499,1.293259308128331,68.09526975441293,1.326405359112547,68.09526975441293,1.326405359112547,225.20425415039065,255.6679534912109,5310.0,5310.0,0.0646823123097419,0.1687321215867996,0.1040498167276382,13.527142040787895,Food & drink service,1,1,1.0,50,2,500–1000 m,0
2023-03-26 16:11:41.555,Trường Thọ,Trường Thọ,TP. Thủ Đức,Tạp hoá,0-5 người,>5 năm,2,1,1,2,2,2,3,<10 phút,Không có ý kiến,3,Không,4,4,4,2,2,2,Gia đình/họ hàng tôi đã kinh doanh ở đây,5,4,3,3,Đạt kết quả khá tốt,>10tr,Người tiêu dùng (mô hình B2C),>100,Không,Các vấn đề liên quan môi trường kinh tế + thương mại,3,4,5,4,3,Thêm dịch vụ tiện ích,Có,S016,True,436.896562688076,456.9204316067629,36.0,277.6791793817784,459.8526970850537,41.0,159.21738330629762,5.0,1,22956.3867367812,1002.6825110622194,2.2950112147668427,486.3114973597365,1.7513430371065437,486.3114973597365,1.7513430371065437,167.91506958007812,190.6291656494141,3868.0,3868.0,0.0785314887762069,0.0944808200001716,0.0159493368119001,13.52713376240699,Grocery,1,1,8.0,150,2,<500 m,0
2023-03-26 16:18:50.900,Trường Thọ,Trường Thọ,TP. Thủ Đức,Kinh doanh dịch vụ ăn uống,0-5 người,<2 năm,1,1,3,3,3,3,2,<10 phút,Thói quen sử dụng xe máy để di chuyển,2,Có,4,4,3,2,2,3,"Chi phí bất động sản (nhà cửa, đất đai) ở đây phù hợp với tôi",4,3,3,4,Đạt kết quả tốt,>10tr,Người tiêu dùng (mô hình B2C),>200,Có,tệp khách hàng tại đây ít,2,5,3,4,2,Thêm các khu nhà ở,Có,S017,True,413.46903433546106,463.68858245210737,38.0,282.918928026384,465.9436131052063,44.0,130.55010630907708,6.0,1,23058.569187248064,667.5765112765553,1.614574383664554,381.52113569577386,1.3485175359500676,381.52113569577386,1.3485175359500676,167.91506958007812,190.6291656494141,3868.0,3868.0,0.030308898538351,0.0131749864667654,-0.0171339120715856,13.52713376240699,Food & drink service,1,1,2.0,250,3,<500 m,1
2023-03-28 01:33:53.310,Trường Thọ,Trường Thọ,TP. Thủ Đức,Kinh doanh dịch vụ ăn uống,6-9 người,<5 năm,4,2,4,2,3,3,2,<10 phút,Thói quen sử dụng xe máy để di chuyển,4,Không,4,2,3,2,4,3,"Khách hàng tiềm năng của tôi tập trung nhiều tại khu vực này, Vị trí và hệ thống giao thông thuận tiện",4,3,3,2,Đạt kết quả tốt,>30tr,Người tiêu dùng (mô hình B2C),>200,Không,Các vấn đề liên quan cơ sở hạ tầng + giao thông,5,4,4,3,2,"Thêm dịch vụ tiện ích, Thêm nơi làm việc",Không,S018,True,398.496634869728,378.5489222565421,33.0,145.10036578042403,377.5645649779677,40.0,253.396269089304,7.0,1,23974.757926504877,547.7586641175695,1.3745628348822485,261.7032885367879,1.803601852615696,261.7032885367879,1.803601852615696,165.6354522705078,188.0411834716797,4018.0,4018.0,-0.0273595303297042,-0.033774372190237,-0.0064148432575166,13.527134978675893,Food & drink service,1,0,5.0,250,3,<500 m,2
2023-03-29 15:53:36.174,Trường Thọ,Trường Thọ,TP. Thủ Đức,Kinh doanh dịch vụ ăn uống,0-5 người,<5 năm,4,1,3,3,2,2,3,<10 phút,Thói quen sử dụng xe máy để di chuyển,2,Không,3,3,2,4,4,3,"Gia đình/họ hàng tôi đã kinh doanh ở đây, Khách hàng tiềm năng của tôi tập trung nhiều tại khu vực này",4,2,4,3,Đạt kết quả khá tốt,>30tr,Người tiêu dùng (mô hình B2C),>200,Không,Các vấn đề liên quan môi trường xã hội + văn hóa,3,4,4,5,2,"Thêm dịch vụ tiện ích, Thêm các khu nhà ở, Thêm nơi làm việc",Không,S019,True,1152.234295856877,861.1965047754046,4.0,50.81830880379046,873.5498813550506,4.0,1101.4159870530866,0.0,1,18535.31532883569,1452.6204038492206,1.2606988084562756,90.20143765966256,1.774979132185024,90.20143765966256,1.774979132185024,216.25979614257807,245.5135498046875,5099.0,5099.0,0.0995310023427009,0.0664263665676117,-0.0331046395003795,13.52713457790492,Food & drink service,1,1,5.0,250,2,500–1000 m,0
2023-03-19 20:18:34.631,Bình Thọ,Bình Thọ,TP. Thủ Đức,Chế biến thực phẩm,0-5 người,>5 năm,1,1,2,1,1,1,1,<10 phút,Thói quen sử dụng xe máy để di chuyển,3,Có,1,5,1,4,4,5,Gia đình/họ hàng tôi đã kinh doanh ở đây,3,4,4,4,Đạt kết quả kém,>10tr,Người tiêu dùng (mô hình B2C),<100,Không,Các vấn đề liên quan môi trường kinh tế + thương mại,3,4,4,4,2,Thêm nơi làm việc,Có,S020,True,146.975121840937,1251.1662146345916,133.0,145.09143797588234,1248.7141860904833,138.0,1.8836838650546497,5.0,0,21770.258535787023,178.7664072962978,1.2163038550821323,167.88098737391002,1.157070256632344,167.88098737391002,1.157070256632344,236.2945098876953,268.2583923339844,5991.0,5991.0,0.0663774386048317,0.0321082398295402,-0.0342692025005817,13.527137156712053,Food processing,1,1,8.0,50,1,>1000 m,0
2023-03-19 20:21:48.298,Trường Thọ,Trường Thọ,TP. Thủ Đức,hớt tóc,0-5 người,>5 năm,1,1,1,1,1,1,1,<10 phút,Thói quen sử dụng xe máy để di chuyển,4,Có,4,4,4,4,4,3,Khu vực này có an ninh tốt,3,4,4,5,Đạt kết quả kém,Không cung cấp,Người tiêu dùng (mô hình B2C),<100,Có,Các vấn đề liên quan môi trường kinh tế + thương mại,3,4,4,4,4,Thêm trung tâm thương mại,Có,S021,True,293.93809001340827,1442.9474761561394,81.0,205.5162280808161,1447.418542607062,83.0,88.42186193259215,2.0,0,21559.384775645158,506.6645616657885,1.7237118253121824,549.7705021218846,2.675071001720097,549.7705021218846,2.675071001720097,146.6624755859375,166.501708984375,3994.0,3994.0,0.0249399971216917,0.0360116362571716,0.0110716382041573,13.527136589762948,Other,1,1,8.0,50,1,>1000 m,0
2023-03-19 20:25:00.026,Bình Thọ,Bình Thọ,TP. Thủ Đức,Kinh doanh dịch vụ ăn uống,0-5 người,<6 tháng,1,1,1,1,1,1,2,<10 phút,Thói quen sử dụng xe máy để di chuyển,4,Có,3,3,2,3,4,4,Khu vực này có an ninh tốt,3,3,4,3,Đạt kết quả khá tốt,không cung cấp,Người tiêu dùng (mô hình B2C),<100,Không,Các vấn đề liên quan cơ sở hạ tầng + giao thông,3,4,2,3,3,Thêm nơi làm việc,Có,S022,True,86.63452846746246,1281.609339866767,121.0,84.27877062038657,1280.161694007262,126.0,2.3557578470758926,5.0,0,21483.57564466821,136.3404350849363,1.573742449999506,125.45501516254848,1.4885719646722233,125.45501516254848,1.4885719646722233,107.22652435302734,121.73120880126952,3568.0,3568.0,0.1069078966975212,0.0946882218122482,-0.0122196730226278,13.52714222134784,Food & drink service,1,1,0.5,50,2,>1000 m,0
2023-03-19 20:28:52.828,Bình Thọ,Bình Thọ,TP. Thủ Đức,Tạp hoá,0-5 người,<5 năm,1,2,1,1,1,1,1,<10 phút,Có sử dụng phương tiện công cộng,4,Có,4,4,4,5,3,4,Khu vực này có an ninh tốt,3,4,4,4,Đạt kết quả khá tốt,Không công khai,Người tiêu dùng (mô hình B2C),<100,Không,Các vấn đề liên quan môi trường kinh tế + thương mại,3,3,3,4,3,Thêm nơi làm việc,Có,S023,True,214.32330745222387,1043.63163802085,132.0,249.0711651995321,1045.3420245941534,137.0,-34.74785774730819,5.0,0,21725.154315052583,369.971253466263,1.7262296754576525,394.8722224113878,1.5853791108057564,394.8722224113878,1.5853791108057564,153.71543884277344,174.5087432861328,3930.0,3930.0,-0.0844426751136779,-0.0444658324122428,0.0399768464267253,13.5271411901752,Grocery,1,1,5.0,50,2,>1000 m,0
2023-03-19 20:31:46.219,Bình Thọ,Bình Thọ,TP. Thủ Đức,Kinh doanh dịch vụ ăn uống,0-5 người,<5 năm,3,1,3,1,3,2,2,<10 phút,Không có ý kiến,4,Không,3,3,4,4,4,4,Khu vực này có an ninh tốt,3,4,4,4,Đạt kết quả kém,>10tr,Người tiêu dùng (mô hình B2C),<100,Có,Các vấn đề liên quan môi trường kinh tế + thương mại,3,4,4,4,4,Thêm nơi làm việc,Có,S024,True,284.3852237999268,976.2463190071112,158.0,303.6389996077484,975.740926696928,165.0,-19.253775807821626,7.0,1,21465.91161312899,478.5684907793403,1.6828177089679843,413.0196439307198,1.3602325276538032,413.0196439307198,1.3602325276538032,197.85337829589844,224.6172790527344,4714.0,4714.0,-0.0038006757386028,-0.0101532945409417,-0.0063526192680001,13.527138625254782,Food & drink service,1,1,5.0,50,1,500–1000 m,0
2023-03-21 14:48:31.347,Bình Thọ,Bình Thọ,TP. Thủ Đức,Tạp hoá,0-5 người,<1 năm,2,4,3,3,2,2,3,<10 phút,Không có ý kiến,4,Không,3,3,3,3,4,4,"Gia đình/họ hàng tôi đã kinh doanh ở đây, Khách hàng tiềm năng của tôi tập trung nhiều tại khu vực này, Khu vực này có an ninh tốt",4,4,2,4,Đạt kết quả tốt,>10tr,Cả 2,<100,Không,Các vấn đề liên quan môi trường tự nhiên + thời tiết / khí hậu,3,4,3,4,3,Thêm dịch vụ tiện ích,Không,S025,True,39.920699009152486,928.8778578214597,177.0,34.31130815322392,919.267095013812,186.0,5.609390855928567,9.0,1,22674.57617769059,65.06992588734217,1.62997962216102,68.35450985976077,1.992186061647962,68.35450985976077,1.992186061647962,180.8744964599609,205.34164428710935,4072.0,4072.0,0.1418795585632324,0.0710313916206359,-0.070848174393177,13.52714081090176,Grocery,0,1,1.0,50,3,500–1000 m,3
2023-03-21 14:54:27.487,Bình Thọ,Bình Thọ,TP. Thủ Đức,Buôn bán,0-5 người,>5 năm,1,1,1,1,1,1,2,<10 phút,Thói quen sử dụng xe máy để di chuyển,3,Có,3,3,4,4,4,3,"Gia đình/họ hàng tôi đã kinh doanh ở đây, Khu vực này có an ninh tốt",3,4,4,4,Đạt kết quả kém,Dưới 5 triệu,Người tiêu dùng (mô hình B2C),<100,Không,Các vấn đề liên quan môi trường kinh tế + thương mại,3,4,4,4,3,"Thêm sân chơi cộng đồng (công viên, sân chơi thể thao,hồ bơi..)",Không,S026,True,390.2579792602131,784.7106462124727,154.0,118.8508708502712,786.1919429958789,162.0,271.40710840994194,8.0,1,20235.675619085898,571.1666598165663,1.463561772392944,225.80927728888412,1.8999379278706303,225.80927728888412,1.8999379278706303,186.87911987304688,212.15850830078125,4542.0,4542.0,0.1647183895111084,0.1880835890769958,0.0233652088791131,13.527133713444014,General trading,1,1,8.0,50,1,500–1000 m,0
2023-03-25 12:16:03.204,Linh Trung,Linh Trung,TP. Thủ Đức,Kinh doanh dịch vụ ăn uống,0-5 người,<1 năm,1,1,1,1,2,2,2,20-30 phút,Thói quen sử dụng xe máy để di chuyển,3,Không,2,3,4,3,3,3,"Khách hàng tiềm năng của tôi tập trung nhiều tại khu vực này, Vị trí và hệ thống giao thông thuận tiện",3,3,4,3,Đạt kết quả khá tốt,Không cung cấp,Người tiêu dùng (mô hình B2C),<100,Không,Các vấn đề liên quan môi trường kinh tế + thương mại,3,4,3,4,3,"Thêm trung tâm thương mại, Thêm nơi làm việc",Có,S027,True,124.57170546910513,949.3059436958664,134.0,85.22766295362457,926.7872787076326,143.0,39.34404251548055,9.0,1,22138.8531031496,162.37025171748783,1.3034280224874748,155.82028753473878,1.828283002662248,155.82028753473878,1.828283002662248,78.30534362792969,88.89781951904297,1560.0,1560.0,0.1787088513374328,0.1055416315793991,-0.0731672197580337,13.52714310461846,Food & drink service,1,1,1.0,50,2,500–1000 m,0
2023-03-25 12:25:41.385,Linh Trung,Linh Trung,TP. Thủ Đức,Kinh doanh dịch vụ ăn uống,0-5 người,<1 năm,3,1,5,1,2,2,2,<10 phút,Thói quen sử dụng xe máy để di chuyển,3,Có,3,3,3,4,3,4,Gia đình/họ hàng tôi đã kinh doanh ở đây,3,2,3,4,Đạt kết quả khá tốt,>10tr,Người tiêu dùng (mô hình B2C),<100,Không,Các vấn đề liên quan môi trường kinh tế + thương mại,3,4,3,4,3,Thêm nơi làm việc,Không,S028,True,125.79318393167628,924.8988759550292,154.0,125.79318393167628,903.6064109385612,164.0,0.0,10.0,1,22544.93031193735,178.54628414780075,1.4193637410813686,160.1116620793884,1.2728166747599932,160.1116620793884,1.2728166747599932,197.0860748291016,223.7461700439453,3632.0,3632.0,0.0834730118513107,0.2942738533020019,0.2108008414506912,13.527132872254628,Food & drink service,1,1,1.0,50,2,500–1000 m,0
2023-03-25 12:39:57.882,Linh Trung,Linh Trung,TP. Thủ Đức,Bán nước,6-9 người,<5 năm,2,1,3,1,3,3,1,<10 phút,Không cảm thấy thoải mái khi phải đi bộ đến các trạm,3,Không,3,3,3,3,3,3,Gia đình/họ hàng tôi đã kinh doanh ở đây,2,3,3,3,Đạt kết quả kém,>10tr,Người tiêu dùng (mô hình B2C),<100,Không,Không trả lời,3,3,3,3,3,Thêm các khu nhà ở,Không,S029,True,109.97915368916428,1075.9464016356835,144.0,105.63954549972397,1055.5703637255456,152.0,4.339608189440327,8.0,0,23411.315015393942,193.52122689575225,1.759617349326984,163.41899540112755,1.5469490580263296,163.41899540112755,1.5469490580263296,238.9934539794922,271.32244873046875,4637.0,4637.0,0.0426882877945899,0.0579377450048923,0.0152494590729475,13.5271465442525,Other,1,0,5.0,50,1,>1000 m,2
2023-03-26 14:11:56.352,Linh Trung,Linh Trung,TP. Thủ Đức,Kinh doanh dịch vụ ăn uống,0-5 người,<2 năm,2,1,2,1,1,1,2,<10 phút,Thói quen sử dụng xe máy để di chuyển,4,Có,4,4,4,4,4,4,Gia đình/họ hàng tôi đã kinh doanh ở đây,3,4,4,4,Đạt kết quả khá tốt,Không cung cấp,Người tiêu dùng (mô hình B2C),>300,Không,Các vấn đề liên quan môi trường kinh tế + thương mại,3,4,4,4,3,Thêm dịch vụ tiện ích,Có,S030,True,126.24768555884732,1695.7341002881249,91.0,92.07224118053544,1675.4217323403154,94.0,34.175444378311894,3.0,0,21420.573611659915,799.081920742922,6.3294777817566334,750.5971369630881,8.152263128811168,750.5971369630881,8.152263128811168,113.58802795410156,128.95323181152344,2709.0,2709.0,-0.0266251377761364,0.012454492971301,0.0390796326100826,13.52713321480554,Food & drink service,1,1,2.0,350,2,>1000 m,1
2023-03-26 14:42:27.417,Linh Trung,Linh Trung,TP. Thủ Đức,Tạp hoá,0-5 người,<5 năm,4,1,3,4,1,1,1,<10 phút,Thói quen sử dụng xe máy để di chuyển,3,Không,3,3,4,4,4,4,Vị trí và hệ thống giao thông thuận tiện,4,4,4,4,Đạt kết quả khá tốt,>10tr,Cả 2,<100,Có,Không biết,3,4,3,1,3,Không cung cấp,Không,S031,True,363.4032630591525,1818.5285232581848,99.0,328.3554299679351,1799.482948037872,101.0,35.0478330912174,2.0,0,19761.16983656129,508.1124721941756,1.3982055854888351,462.6173764555358,1.4088921157804877,462.6173764555358,1.4088921157804877,225.3336334228516,255.8148193359375,5301.0,5301.0,0.0906660705804824,0.1047538891434669,0.0140878185629844,13.527135496850676,Grocery,0,1,5.0,50,2,>1000 m,3
2023-03-26 14:55:28.891,Linh Trung,Linh Trung,TP. Thủ Đức,Chế biến thực phẩm,0-5 người,<1 năm,3,2,4,3,3,3,2,<10 phút,Số lượng điểm dừng và tần suất các chuyến chưa đủ,5,Không,3,4,4,2,3,4,Khách hàng tiềm năng của tôi tập trung nhiều tại khu vực này,4,4,4,4,Đạt kết quả khá tốt,Không cung cấp,Người tiêu dùng (mô hình B2C),<100,Không,Các vấn đề liên quan môi trường tự nhiên + thời tiết / khí hậu,3,4,4,3,3,"Thêm sân chơi cộng đồng (công viên, sân chơi thể thao,hồ bơi..)",Không,S032,True,399.0344409552874,1886.2290901413264,93.0,369.5298771278706,1867.14473026558,93.0,29.504563827416803,0.0,0,19534.40229299354,484.1951795891882,1.2134170134037208,440.6043949030756,1.1923376759888094,440.6043949030756,1.1923376759888094,187.84716796875,213.2575225830078,3969.0,3969.0,-0.0191850904375314,-0.0631290003657341,-0.0439439117908477,13.527142777305562,Food processing,1,1,1.0,50,2,>1000 m,0
2023-03-26 16:26:36.269,Linh Trung,Linh Trung,TP. Thủ Đức,Tạp hoá,0-5 người,<5 năm,3,3,3,2,1,1,1,<10 phút,Thói quen sử dụng xe máy để di chuyển,3,Có,4,4,4,4,4,3,"Gia đình/họ hàng tôi đã kinh doanh ở đây, Vị trí và hệ thống giao thông thuận tiện, Chi phí bất động sản (nhà cửa, đất đai) ở đây phù hợp với tôi, Khu vực này có an ninh tốt",3,4,4,5,Đạt kết quả tốt,Riêng tư,Người tiêu dùng (mô hình B2C),>100,Không,Các vấn đề liên quan môi trường kinh tế + thương mại,3,3,4,4,3,"Thêm sân chơi cộng đồng (công viên, sân chơi thể thao,hồ bơi..)",Không,S033,True,161.31712003766546,2159.464116397412,90.0,149.1640608564482,2141.2958132378512,91.0,12.15305918121726,1.0,0,20073.892018249364,248.7139431491815,1.5417702912816074,302.9064213049157,2.0306930474119054,302.9064213049157,2.0306930474119054,186.72743225097656,211.986328125,4062.0,4062.0,0.1380736678838729,0.1292695254087448,-0.0088041443377733,13.527147869774948,Grocery,1,1,5.0,150,3,>1000 m,0
2023-03-28 19:21:13.358,Linh Trung,Linh Trung,TP. Thủ Đức,Buôn bán linh kiện,0-5 người,<2 năm,3,3,3,3,1,1,3,<10 phút,Thói quen sử dụng xe máy để di chuyển,4,Không,4,4,4,4,4,4,Khách hàng tiềm năng của tôi tập trung nhiều tại khu vực này,4,4,4,4,Đạt kết quả khá tốt,>10tr,"Các công ty, doanh nghiệp khác (mô hình B2B)",<100,Có,Các vấn đề liên quan môi trường tự nhiên + thời tiết / khí hậu,4,4,4,4,4,Thêm trung tâm thương mại,Có,S034,True,127.9262348129811,948.656549874949,134.0,80.91864066294009,926.140551758686,143.0,47.007594150041,9.0,1,22240.323792987965,168.73493693047405,1.319001823020527,162.58487575995514,2.0092388407411463,162.58487575995514,2.0092388407411463,78.30534362792969,88.89781951904297,1560.0,1560.0,0.1787088513374328,0.1055416315793991,-0.0731672197580337,13.52714310461846,Other,0,1,2.0,50,2,500–1000 m,3
2023-03-28 19:28:14.599,Linh Trung,Linh Trung,TP. Thủ Đức,Kinh doanh dịch vụ ăn uống,0-5 người,<5 năm,2,1,2,1,1,1,2,<10 phút,Thói quen sử dụng xe máy để di chuyển,4,Có,4,2,4,4,4,4,Khách hàng tiềm năng của tôi tập trung nhiều tại khu vực này,3,3,4,4,Đạt kết quả xuất sắc,<10tr,Người tiêu dùng (mô hình B2C),<100,Không,Các vấn đề liên quan môi trường kinh tế + thương mại,3,3,3,4,3,"Thêm sân chơi cộng đồng (công viên, sân chơi thể thao,hồ bơi..)",Không,S035,True,83.40299941625565,885.5592918134037,152.0,94.1270061960534,863.5821000503315,162.0,-10.724006779797731,10.0,1,22257.06635796073,107.20351222911398,1.285367588449337,132.98193743478825,1.4127925959719303,132.98193743478825,1.4127925959719303,250.92237854003903,284.8650207519531,5346.0,5346.0,-0.0444654673337936,0.0776299387216568,0.122095413506031,13.527148279641356,Food & drink service,1,1,5.0,50,4,500–1000 m,1
2023-03-28 19:43:26.468,Linh Trung,Linh Trung,TP. Thủ Đức,Kinh doanh dịch vụ ăn uống,0-5 người,<6 tháng,2,1,2,1,1,1,1,<10 phút,Thói quen sử dụng xe máy để di chuyển,4,Không,4,3,4,4,3,4,Khu vực này có an ninh tốt,3,3,4,4,Đạt kết quả khá tốt,Không cung cấp,Người tiêu dùng (mô hình B2C),<100,Không,Các vấn đề liên quan môi trường kinh tế + thương mại,3,3,4,4,3,"Thêm nơi làm việc, Thêm sân chơi cộng đồng (công viên, sân chơi thể thao,hồ bơi..)",Không,S036,True,278.4403230855995,2039.5752538300933,92.0,272.9115442927708,2021.1290271876649,92.0,5.528778792828689,0.0,0,18823.71833958348,340.5611088278025,1.223102692360781,373.6284423570628,1.3690459424327104,373.6284423570628,1.3690459424327104,136.27708435058594,154.7114715576172,2667.0,2667.0,-0.0018492833478376,-0.0121895121410489,-0.0103402286767959,13.527136491713463,Food & drink service,1,1,0.5,50,2,>1000 m,0
2023-03-28 19:55:23.226,Linh Trung,Linh Trung,TP. Thủ Đức,Kinh doanh dịch vụ ăn uống,0-5 người,>5 năm,2,1,3,1,1,1,2,10-20 phút,Thói quen sử dụng xe máy để di chuyển,4,Không,2,4,4,4,4,4,Khu vực này có an ninh tốt,4,4,4,4,Đạt kết quả khá tốt,Không trả lời,Người tiêu dùng (mô hình B2C),<100,Không,Các vấn đề liên quan môi trường kinh tế + thương mại,3,3,3,3,3,Không nêu rõ,Không,S037,True,296.087565079757,2009.857247992518,92.0,293.5195494176696,1991.4820105952983,93.0,2.5680156620874186,1.0,0,18652.053240899422,401.36966667444415,1.3555775858615589,459.586056528113,1.565776649084916,459.586056528113,1.565776649084916,73.42046356201172,17.102941513061523,1389.0,1389.0,0.0451612919569015,0.0526098199188709,0.0074485288932919,-76.70548416162451,Food & drink service,1,1,8.0,50,2,>1000 m,0
2023-03-28 20:02:23.755,Linh Trung,Linh Trung,TP. Thủ Đức,Tạp hoá,0-5 người,>5 năm,3,1,3,1,2,1,1,<10 phút,Có sử dụng phương tiện công cộng,4,Có,4,4,4,4,4,4,Gia đình/họ hàng tôi đã kinh doanh ở đây,3,4,4,4,Đạt kết quả kém,Không trả lời,Người tiêu dùng (mô hình B2C),<100,Không,Các vấn đề liên quan môi trường kinh tế + thương mại,2,4,4,4,3,"Thêm sân chơi cộng đồng (công viên, sân chơi thể thao,hồ bơi..)",Không,S038,True,132.31769343700586,2147.42116170795,93.0,132.82143536044174,2129.619745058484,94.0,-0.5037419234358822,1.0,0,19929.726846867467,214.48060270015156,1.620951795099587,268.6730808558857,2.022814164948444,268.6730808558857,2.022814164948444,186.72743225097656,211.986328125,4062.0,4062.0,-0.0442169457674026,-0.0414444990456104,0.0027724478859454,13.527147869774948,Grocery,1,1,8.0,50,1,>1000 m,0
2023-03-28 20:30:03.897,Linh Trung,Linh Trung,TP. Thủ Đức,Buôn bán,0-5 người,<1 năm,3,2,4,1,4,4,3,<10 phút,Thói quen sử dụng xe máy để di chuyển,3,Không,2,4,4,4,4,4,Khách hàng tiềm năng của tôi tập trung nhiều tại khu vực này,3,4,3,4,Đạt kết quả kém,<5tr,Người tiêu dùng (mô hình B2C),<100,Không,Các vấn đề liên quan môi trường kinh tế + thương mại,3,3,4,4,3,Thêm các khu nhà ở,Không,S039,True,655.5219522604813,1599.4016640483064,34.0,221.85387445502036,1585.06973161374,38.0,433.66807780546094,4.0,0,21536.977396010243,675.532370442154,1.0305259314545752,269.0134647181312,1.2125705056040037,269.0134647181312,1.2125705056040037,100.56167602539062,114.16478729248048,3515.0,3515.0,0.0824931263923645,0.1328413337469101,0.0503482036292552,13.52713260631736,General trading,1,1,1.0,50,1,>1000 m,0
2023-03-28 20:35:11.328,Linh Trung,Linh Trung,TP. Thủ Đức,Tạp hoá,0-5 người,<2 năm,3,2,2,1,2,2,1,<10 phút,Thói quen sử dụng xe máy để di chuyển,3,Không,1,1,1,1,3,3,Gia đình/họ hàng tôi đã kinh doanh ở đây,3,4,4,4,Đạt kết quả khá tốt,>10tr,Cả 2,>100,Không,Các vấn đề liên quan môi trường kinh tế + thương mại,3,1,3,3,3,Không cung cấp,Không,S040,True,563.7705927585721,1391.5466562803524,26.0,132.60840521512273,1369.4874306416789,30.0,431.16218754344936,4.0,0,20690.41276983845,844.991684341936,1.4988218527102093,178.5494006831462,1.3464410524619168,178.5494006831462,1.3464410524619168,202.87208557128903,230.31488037109372,5281.0,5281.0,0.0357946008443832,0.0357429347932338,-5.166660776012577e-05,13.527141855187027,Grocery,0,1,2.0,150,2,>1000 m,3
2023-03-28 20:40:00.007,Linh Trung,Linh Trung,TP. Thủ Đức,Kinh doanh dịch vụ ăn uống,0-5 người,<6 tháng,2,1,3,1,2,2,1,<10 phút,Thói quen sử dụng xe máy để di chuyển,4,Có,4,3,4,4,5,4,"Gia đình/họ hàng tôi đã kinh doanh ở đây, Khách hàng tiềm năng của tôi tập trung nhiều tại khu vực này",3,2,4,4,Đạt kết quả kém,Doanh thu thấp,Người tiêu dùng (mô hình B2C),<100,Không,Các vấn đề liên quan môi trường kinh tế + thương mại,3,3,4,4,4,"Thêm sân chơi cộng đồng (công viên, sân chơi thể thao,hồ bơi..)",Không,S041,True,430.0066656412148,1246.8884115527796,79.0,79.78192397559371,1224.9241738534877,85.0,350.2247416656211,6.0,0,20920.906481830418,512.815470898277,1.19257563166743,269.4898563619716,3.3778310039804493,269.4898563619716,3.3778310039804493,192.9640350341797,219.0665435791016,5257.0,5257.0,0.107067734003067,0.1207245364785194,0.0136568071320652,13.527136567339268,Food & drink service,1,1,0.5,50,1,>1000 m,0
2023-03-28 20:45:10.660,Linh Trung,Linh Trung,TP. Thủ Đức,Buôn bán,0-5 người,<5 năm,3,1,2,1,1,4,3,<10 phút,Thói quen sử dụng xe máy để di chuyển,4,Có,4,4,3,3,3,4,"Gia đình/họ hàng tôi đã kinh doanh ở đây, Khách hàng tiềm năng của tôi tập trung nhiều tại khu vực này",3,1,4,4,Đạt kết quả khá tốt,Tạm,Người tiêu dùng (mô hình B2C),<100,Không,Các vấn đề liên quan môi trường kinh tế + thương mại,3,5,4,3,3,"Thêm trung tâm thương mại, Thêm các khu nhà ở",Không,S042,True,412.8321744798468,1232.6934105655168,84.0,64.00116276499259,1210.6810914772173,90.0,348.8310117148542,6.0,0,21393.9779926554,503.2164026345528,1.2189369766748115,259.8907880982474,4.060719788053643,259.8907880982474,4.060719788053643,192.9640350341797,219.0665435791016,5257.0,5257.0,0.0856538563966751,0.0864774659276008,0.0008236027206294,13.527136567339268,General trading,1,1,5.0,50,2,>1000 m,0
2023-03-28 20:50:02.703,Linh Trung,Linh Trung,TP. Thủ Đức,Chế biến thực phẩm,0-5 người,<2 năm,2,1,1,2,1,1,1,10-20 phút,Số lượng điểm dừng và tần suất các chuyến chưa đủ,2,Không,2,2,1,5,3,5,Khách hàng tiềm năng của tôi tập trung nhiều tại khu vực này,5,5,5,5,Đạt kết quả tốt,>10tr,Cả 2,>100,Không,Các vấn đề liên quan môi trường tự nhiên + thời tiết / khí hậu,3,4,4,3,2,Thêm dịch vụ tiện ích,Có,S043,True,412.7526146063868,1235.2669449332504,85.0,66.5028223136267,1213.2206497987966,91.0,346.24979229276016,6.0,0,21299.786988909455,509.98702847150696,1.235575524961473,274.9457178277013,4.13434660759298,274.9457178277013,4.13434660759298,192.9640350341797,219.0665435791016,5257.0,5257.0,0.107067734003067,0.1207245364785194,0.0136568071320652,13.527136567339268,Food processing,0,1,2.0,150,3,>1000 m,3
2023-03-28 20:54:32.915,Linh Trung,Linh Trung,TP. Thủ Đức,Buôn bán linh kiện,0-5 người,>5 năm,4,1,4,1,1,1,4,<10 phút,Thói quen sử dụng xe máy để di chuyển,4,Có,2,4,4,4,4,4,"Khách hàng tiềm năng của tôi tập trung nhiều tại khu vực này, Vị trí và hệ thống giao thông thuận tiện, Chi phí bất động sản (nhà cửa, đất đai) ở đây phù hợp với tôi, Khu vực này có an ninh tốt",3,4,4,4,Đạt kết quả khá tốt,>10tr,Người tiêu dùng (mô hình B2C),>100,Không,Các vấn đề liên quan môi trường kinh tế + thương mại,3,4,4,4,4,"Thêm trung tâm thương mại, Thêm dịch vụ tiện ích, Thêm các khu nhà ở",Không,S044,True,164.920373101328,1002.215922770599,128.0,140.26822501502062,979.6962067320386,137.0,24.652148086307392,9.0,1,22064.976680008767,185.6546890140176,1.1257231930948297,187.17531413637477,1.334409942924216,187.17531413637477,1.334409942924216,209.3897247314453,237.71417236328125,4513.0,4513.0,0.1845224797725677,0.1771491914987564,-0.0073732822202146,13.527143066912052,Other,1,1,8.0,150,2,500–1000 m,0
2023-03-30 15:43:42.304,Bình Thọ,Bình Thọ,TP. Thủ Đức,Kinh doanh dịch vụ ăn uống,0-5 người,<5 năm,1,1,2,1,1,1,1,10-20 phút,Thói quen sử dụng xe máy để di chuyển,4,Không,2,4,4,4,4,4,Khách hàng tiềm năng của tôi tập trung nhiều tại khu vực này,4,1,4,4,Đạt kết quả khá tốt,>10tr,Người tiêu dùng (mô hình B2C),>100,Không,Các vấn đề liên quan môi trường kinh tế + thương mại,3,4,4,4,3,"Thêm sân chơi cộng đồng (công viên, sân chơi thể thao,hồ bơi..)",Không,S045,True,216.03570173541647,327.7049847310132,175.0,148.0299654638347,319.5880507315931,189.0,68.00573627158175,14.0,1,23992.073040924934,502.5625694439634,2.326294058837842,304.24071207426937,2.05526435894899,304.24071207426937,2.05526435894899,217.25015258789065,246.63787841796875,4575.0,4575.0,0.0045710639096796,-0.0268901009112596,-0.031461164355278,13.52713702614733,Food & drink service,1,1,5.0,150,2,<500 m,1
2023-03-30 16:03:48.119,Bình Thọ,Bình Thọ,TP. Thủ Đức,"Kinh tế, tài chính",0-5 người,<6 tháng,2,2,2,2,2,2,3,10-20 phút,Thói quen sử dụng xe máy để di chuyển,4,Có,4,4,4,4,4,4,"Vị trí và hệ thống giao thông thuận tiện, Chi phí bất động sản (nhà cửa, đất đai) ở đây phù hợp với tôi",4,4,4,4,Đạt kết quả khá tốt,>10tr,Người tiêu dùng (mô hình B2C),>400,Không,Các vấn đề liên quan môi trường kinh tế + thương mại,4,4,4,4,4,Thêm dịch vụ tiện ích,Không,S046,True,33.74255677712097,357.4002991390708,167.0,20.315896228053077,334.9467079896805,181.0,13.426660549067892,14.0,1,27709.28336990797,120.4010948159058,3.5682267829076717,102.76823654453956,5.0585135595757125,102.76823654453956,5.0585135595757125,77.17222595214844,87.6114273071289,1444.0,1444.0,0.0229406636208295,0.0859758108854293,0.0630351454019546,13.527148175631762,Other,1,1,0.5,450,2,<500 m,1
2023-03-30 16:09:59.567,Bình Thọ,Bình Thọ,TP. Thủ Đức,Buôn bán,0-5 người,>5 năm,1,1,1,1,1,1,1,10-20 phút,Thói quen sử dụng xe máy để di chuyển,4,Không,2,3,3,3,4,4,"Gia đình/họ hàng tôi đã kinh doanh ở đây, Khu vực này có an ninh tốt",3,3,4,4,Đạt kết quả khá tốt,tạm ổn,Người tiêu dùng (mô hình B2C),>100,Có,Các vấn đề liên quan môi trường kinh tế + thương mại,4,3,2,3,3,Việc nhà nước,Không,S047,True,147.34738489100005,246.6549982742169,168.0,56.105831798770254,225.55588368235928,183.0,91.2415530922298,15.0,1,26733.51684943887,267.85287031456227,1.817832535763739,95.02226965968542,1.6936255396853086,95.02226965968542,1.6936255396853086,298.5890197753906,338.9795837402344,6243.0,6243.0,0.0665634647011756,0.1227387636899948,0.0561752989888191,13.527143092946613,General trading,1,1,8.0,150,2,<500 m,1
2023-04-01 15:32:54.463,Bình Thọ,Bình Thọ,TP. Thủ Đức,Photo,0-5 người,<2 năm,4,1,3,1,1,1,1,10-20 phút,Thói quen sử dụng xe máy để di chuyển,4,Có,3,4,4,4,4,4,Khu vực này có an ninh tốt,3,4,4,4,Đạt kết quả khá tốt,>10tr,Người tiêu dùng (mô hình B2C),<100,Không,Các vấn đề liên quan môi trường kinh tế + thương mại,3,3,3,4,4,"Thêm nơi làm việc, Thêm sân chơi cộng đồng (công viên, sân chơi thể thao,hồ bơi..), ",Không,S048,True,93.69375840596932,313.71110274407624,171.0,99.10356017149856,292.50189671883925,186.0,-5.409801765529224,15.0,1,26284.045681604173,159.0549096439284,1.6976041131230235,172.095839771302,1.7365253021535292,172.095839771302,1.7365253021535292,298.5890197753906,338.9795837402344,6243.0,6243.0,0.1050521284341812,0.0822044909000396,-0.0228476338088512,13.527143092946613,Other,1,1,2.0,50,2,<500 m,1
2023-04-01 15:37:45.955,Bình Thọ,Bình Thọ,TP. Thủ Đức,Kinh doanh dịch vụ ăn uống,0-5 người,<1 năm,2,1,1,1,1,1,1,<10 phút,Thói quen sử dụng xe máy để di chuyển,4,Có,2,4,4,4,4,4,Gia đình/họ hàng tôi đã kinh doanh ở đây,3,3,4,4,Đạt kết quả khá tốt,Tùy vào lượng khách,Người tiêu dùng (mô hình B2C),>300,Không,Các vấn đề liên quan môi trường kinh tế + thương mại,3,3,4,4,3,"Thêm nơi làm việc, Thêm sân chơi cộng đồng (công viên, sân chơi thể thao,hồ bơi..)",Không,S049,True,137.72947953970169,318.76024972405656,174.0,133.67408852297655,299.1431785852866,188.0,4.055391016725139,14.0,1,24913.30709657664,181.55062988322163,1.3181682708013729,194.59156001059523,1.4557163782504332,194.59156001059523,1.4557163782504332,298.5890197753906,338.9795837402344,6243.0,6243.0,0.1261412352323532,0.1222768798470497,-0.0038643535226583,13.527143092946613,Food & drink service,1,1,1.0,350,2,<500 m,1
2023-04-01 15:43:30.250,Bình Thọ,Bình Thọ,TP. Thủ Đức,Kinh doanh dịch vụ ăn uống,0-5 người,>5 năm,2,1,3,2,3,3,2,<10 phút,Thói quen sử dụng xe máy để di chuyển,4,Có,4,4,4,4,4,4,"Gia đình/họ hàng tôi đã kinh doanh ở đây, Khu vực này có an ninh tốt",3,4,4,4,Đạt kết quả khá tốt,Không nói,Người tiêu dùng (mô hình B2C),>100,Có,Các vấn đề liên quan môi trường kinh tế + thương mại,3,3,4,4,4,"Thêm các khu nhà ở, Thêm sân chơi cộng đồng (công viên, sân chơi thể thao,hồ bơi..)",Không,S050,True,299.3545189464726,180.5505808640845,177.0,41.27654964460914,169.8052124392148,191.0,258.07796930186345,14.0,1,25990.4760901198,374.59677284584575,1.251348314914956,116.35816313423145,2.8189895748572638,116.35816313423145,2.8189895748572638,209.0462188720703,237.3242034912109,4106.0,4106.0,0.0941761210560798,0.1023102328181266,0.0081341126933693,13.527144749002066,Food & drink service,1,1,8.0,150,2,<500 m,1
2023-04-01 16:28:06.027,Bình Thọ,Bình Thọ,TP. Thủ Đức,Tạp hoá,0-5 người,<6 tháng,1,1,1,1,1,1,1,10-20 phút,Không cảm thấy thoải mái khi phải đi bộ đến các trạm,4,Không,4,4,4,4,4,4,Khu vực này có an ninh tốt,4,4,4,4,Đạt kết quả khá tốt,>10tr,Người tiêu dùng (mô hình B2C),<100,Không,Các vấn đề liên quan môi trường tự nhiên + thời tiết / khí hậu,2,4,4,4,4,"Thêm nơi làm việc, ",Không,S051,True,382.251517770334,156.47144444048854,177.0,91.41351013959785,157.48149710044203,190.0,290.8380076307362,13.0,1,26073.44643063632,543.4593697545213,1.4217324052092968,119.0416961102369,1.3022330717685815,119.0416961102369,1.3022330717685815,210.6923675537109,239.1930084228516,3981.0,3981.0,0.1345145553350448,0.1430035829544067,0.0084890332072973,13.527134940887253,Grocery,1,1,0.5,50,2,<500 m,1
2023-04-01 16:53:05.470,Trường Thọ,Trường Thọ,TP. Thủ Đức,Kinh doanh dịch vụ ăn uống,0-5 người,>5 năm,2,1,3,1,2,2,3,<10 phút,Thói quen sử dụng xe máy để di chuyển,2,Có,2,4,3,4,4,4,"Gia đình/họ hàng tôi đã kinh doanh ở đây, Khu vực này có an ninh tốt",3,4,4,4,Đạt kết quả khá tốt,>10tr,Người tiêu dùng (mô hình B2C),>100,Không,Mọi thứ đều ổn,3,3,4,4,4,Thêm nơi làm việc,Không,S052,True,37.812219435102136,1034.5803259217353,96.0,26.57907154351673,1042.5561920282523,100.0,11.23314789158541,4.0,0,20637.06891917848,48.149078796232565,1.2733735156401431,36.91562614056405,1.3888982570412118,36.91562614056405,1.3888982570412118,224.4681854248047,254.83230590820312,4913.0,4913.0,0.1494400054216385,0.1775635480880737,0.02812354080379,13.52713767696501,Food & drink service,1,1,8.0,150,2,>1000 m,0
2023-04-01 16:59:17.531,Linh Tây,Linh Tây,TP. Thủ Đức,Kinh doanh dịch vụ ăn uống,6-9 người,<5 năm,3,2,2,3,1,1,1,<10 phút,Không có ý kiến,3,Có,4,4,4,4,4,4,Vị trí và hệ thống giao thông thuận tiện,4,4,4,4,Đạt kết quả khá tốt,Tùy lượng khách,Người tiêu dùng (mô hình B2C),>300,Không,Các vấn đề liên quan môi trường tự nhiên + thời tiết / khí hậu,3,4,3,3,3,Thêm dịch vụ tiện ích,Không,S053,True,58.41559597661716,858.7223037291208,70.0,98.2782308843653,856.9258947800137,76.0,-39.86263490774815,6.0,1,24902.06106479196,61.06045683414855,1.0452766219930392,103.44687061492596,1.0525919085442443,103.44687061492596,1.0525919085442443,183.36378479003903,208.16766357421875,5146.0,5146.0,0.0415442734956741,0.044111855328083,0.0025675832293927,13.527141585008948,Food & drink service,1,0,5.0,350,2,500–1000 m,2
2023-04-01 17:05:29.495,Bình Thọ,Tăng Nhơn Phú B ,TP. Thủ Đức,Bán nước,6-9 người,<6 tháng,3,2,2,2,2,2,1,<10 phút,Không có ý kiến,3,Không,3,3,3,3,3,3,"Khách hàng tiềm năng của tôi tập trung nhiều tại khu vực này, Khu vực này có an ninh tốt",3,3,3,3,Đạt kết quả khá tốt,Không thống kê chính xác,Người tiêu dùng (mô hình B2C),<100,Không,Các vấn đề liên quan môi trường tự nhiên + thời tiết / khí hậu,3,3,3,3,3,"Thêm dịch vụ tiện ích, Thêm sân chơi cộng đồng (công viên, sân chơi thể thao,hồ bơi..)",Không,S054,True,86.72491754159574,854.566036784829,70.0,102.25365095526276,874.2557169446769,78.0,-15.528733413667013,8.0,1,25293.6316489648,187.01930913151435,2.1564656898268546,132.94668292611036,1.3001656340297931,132.94668292611036,1.3001656340297931,184.14894104003903,209.05902099609372,5236.0,5236.0,0.1069989949464798,0.1018060520291328,-0.0051929419860243,13.527137226729176,Other,1,0,0.5,50,2,500–1000 m,2
2023-04-01 17:09:00.437,Bình Thọ,Bình Thọ,TP. Thủ Đức,Kinh doanh dịch vụ ăn uống,0-5 người,<2 năm,2,1,2,1,1,1,2,10-20 phút,Thói quen sử dụng xe máy để di chuyển,4,Có,4,4,4,4,4,4,"Khách hàng tiềm năng của tôi tập trung nhiều tại khu vực này, Khu vực này có an ninh tốt",4,3,4,4,Đạt kết quả khá tốt,>10tr,Người tiêu dùng (mô hình B2C),>100,Không,Các vấn đề liên quan môi trường kinh tế + thương mại,3,3,4,4,4,"Thêm sân chơi cộng đồng (công viên, sân chơi thể thao,hồ bơi..)",Không,S055,True,224.4700029920622,567.3920423962403,137.0,7.120009110543549,586.2118537937239,143.0,217.34999388151863,6.0,1,26180.257470755216,481.45749544369113,2.1448634072532027,77.85461353527126,10.93462274085879,77.85461353527126,10.93462274085879,192.46885681152344,218.5043792724609,4177.0,4177.0,0.0769413411617279,0.0101707922294735,-0.0667705535888671,13.527135190724897,Food & drink service,1,1,2.0,150,2,500–1000 m,1
2023-04-03 14:06:42.106,Trường Thọ,Trường Thọ,TP. Thủ Đức,Kinh doanh dịch vụ ăn uống,0-5 người,>5 năm,3,1,1,2,1,1,1,<10 phút,Thói quen sử dụng xe máy để di chuyển,4,Không,2,4,4,4,3,4,Gia đình/họ hàng tôi đã kinh doanh ở đây,3,4,4,4,Đạt kết quả kém,<5tr,Người tiêu dùng (mô hình B2C),<100,Có,Các vấn đề liên quan môi trường kinh tế + thương mại,3,3,4,4,3,"Thêm sân chơi cộng đồng (công viên, sân chơi thể thao,hồ bơi..)",Không,S056,True,497.4801679236973,1641.4325995795891,68.0,235.65313901180065,1649.27825231081,69.0,261.82702891189666,1.0,0,19259.828811231862,658.6061136642975,1.3238841588662351,290.60847123471893,1.2332043292670347,290.60847123471893,1.2332043292670347,229.97314453125,261.0819396972656,6418.0,6418.0,0.1467812955379486,0.1675474047660827,0.0207661092281341,13.527142584158732,Food & drink service,1,1,8.0,50,1,>1000 m,0
2023-04-03 14:11:53.425,Trường Thọ,Trường Thọ,TP. Thủ Đức,Đồ ăn nhanh,0-5 người,<2 năm,2,1,2,1,1,1,1,<10 phút,Thói quen sử dụng xe máy để di chuyển,3,Có,3,2,4,4,3,4,Khách hàng tiềm năng của tôi tập trung nhiều tại khu vực này,3,4,4,3,Đạt kết quả khá tốt,>10tr,Người tiêu dùng (mô hình B2C),<100,Không,Các vấn đề liên quan môi trường tự nhiên + thời tiết / khí hậu,3,3,4,4,4,"Thêm sân chơi cộng đồng (công viên, sân chơi thể thao,hồ bơi..)",Không,S057,True,480.9466052180185,1674.6310825402725,69.0,208.95134515200112,1682.381141114227,70.0,271.9952600660174,1.0,0,19716.792476655686,612.2401972677466,1.272989954862476,252.70753054832613,1.2094084886818732,252.70753054832613,1.2094084886818732,229.97314453125,261.0819396972656,6418.0,6418.0,0.1968714296817779,0.1772424727678299,-0.0196289457380771,13.527142584158732,Other,1,1,2.0,50,2,>1000 m,0
2023-04-03 14:15:58.190,Trường Thọ,Trường Thọ,TP. Thủ Đức,Thuốc tây,0-5 người,<5 năm,4,1,4,1,3,3,3,<10 phút,Thói quen sử dụng xe máy để di chuyển,2,Không,2,4,4,4,4,4,Khách hàng tiềm năng của tôi tập trung nhiều tại khu vực này,2,4,4,2,Đạt kết quả kém,<10tr,Người tiêu dùng (mô hình B2C),>100,Có,Các vấn đề liên quan môi trường kinh tế + thương mại,3,4,4,4,4,"Thêm sân chơi cộng đồng (công viên, sân chơi thể thao,hồ bơi..)",Không,S058,True,533.5433683383803,1529.984592612407,62.0,298.25126822937864,1537.842230625403,62.0,235.2921001090017,0.0,0,19450.946256493524,631.164455551389,1.1829674830689605,388.06985214036257,1.301150719137618,388.06985214036257,1.301150719137618,173.1613006591797,196.58506774902344,4655.0,4655.0,0.0307540576905012,0.0245009083300828,-0.0062531498260796,13.527137415043436,Other,1,1,5.0,150,1,>1000 m,0
2023-04-03 14:20:49.307,Trường Thọ,Trường Thọ,TP. Thủ Đức,Buôn bán,6-9 người,<5 năm,2,3,2,2,2,2,1,<10 phút,Thói quen sử dụng xe máy để di chuyển,4,Có,4,3,3,4,4,4,Vị trí và hệ thống giao thông thuận tiện,3,4,4,4,Đạt kết quả tốt,>30tr,Người tiêu dùng (mô hình B2C),>100,Có,Lượng khách,4,4,3,3,3,Thêm dịch vụ tiện ích,Có,S059,True,322.0655980014326,1578.1259148523698,83.0,10.951917521953872,1580.3478834752216,86.0,311.1136804794787,3.0,0,21238.93357076576,387.29390927481705,1.2025311355144932,27.761242555396684,2.534829403138525,27.761242555396684,2.534829403138525,165.5373077392578,187.9297637939453,4505.0,4505.0,0.0371891409158706,0.0361271686851978,-0.0010619722306728,13.527135580795148,General trading,1,0,5.0,150,3,>1000 m,2
2023-04-03 14:29:55.358,Trường Thọ,Trường Thọ,TP. Thủ Đức,Bán Nước,0-5 người,<5 năm,4,1,3,1,2,2,1,<10 phút,Thói quen sử dụng xe máy để di chuyển,2,Có,2,4,4,4,3,4,Gia đình/họ hàng tôi đã kinh doanh ở đây,3,4,4,4,Đạt kết quả kém,<5tr,Người tiêu dùng (mô hình B2C),<100,Có,Các vấn đề liên quan môi trường tự nhiên + thời tiết / khí hậu,2,3,4,4,4,Không ý kiến,Có,S060,True,279.8148656041062,1541.2769417299066,83.0,35.18732252916612,1543.195668803236,86.0,244.6275430749401,3.0,0,21418.793224794743,325.2227674435616,1.1622783755302706,69.69310991482112,1.9806312303828688,69.69310991482112,1.9806312303828688,165.5373077392578,187.9297637939453,4505.0,4505.0,0.0973286032676696,0.0764591097831726,-0.0208694916218519,13.527135580795148,Other,1,1,5.0,50,1,>1000 m,0
2023-04-03 14:38:42.018,Trường Thọ,Trường Thọ,TP. Thủ Đức,Tạp hoá,0-5 người,<6 tháng,1,1,1,1,1,1,1,<10 phút,Thói quen sử dụng xe máy để di chuyển,3,Có,3,4,3,4,3,4,"Khách hàng tiềm năng của tôi tập trung nhiều tại khu vực này, Khu vực này có an ninh tốt",3,4,4,4,Đạt kết quả khá tốt,<10tr,Người tiêu dùng (mô hình B2C),<100,Không,Các vấn đề liên quan môi trường kinh tế + thương mại,3,4,4,4,4,"Thêm sân chơi cộng đồng (công viên, sân chơi thể thao,hồ bơi..)",Không,S061,True,249.58472854969213,1832.3653044611103,64.0,99.96065733727328,1841.0996162099705,64.0,149.62407121241887,0.0,0,20566.683150587007,851.2707895879547,3.410748704596593,151.53959430079425,1.515992374774913,151.53959430079425,1.515992374774913,101.3468246459961,115.05615234375,2511.0,2511.0,-0.1478326767683029,-0.1503455638885498,-0.0025128996931016,13.527140831141493,Grocery,1,1,0.5,50,2,>1000 m,0
2023-04-03 14:43:51.636,Trường Thọ,Trường Thọ,TP. Thủ Đức,Kinh doanh dịch vụ ăn uống,0-5 người,<5 năm,1,1,1,1,1,1,1,<10 phút,Thói quen sử dụng xe máy để di chuyển,2,Không,2,4,4,4,4,4,"Gia đình/họ hàng tôi đã kinh doanh ở đây, Khách hàng tiềm năng của tôi tập trung nhiều tại khu vực này",2,4,4,4,Đạt kết quả khá tốt,<10tr,Người tiêu dùng (mô hình B2C),<100,Không,Các vấn đề liên quan môi trường tự nhiên + thời tiết / khí hậu,3,4,4,4,4,Không ý kiến,Không,S062,True,473.2820533186662,1703.018209601333,69.0,163.97664096356812,1706.4726311645986,70.0,309.3054123550981,1.0,0,20168.628394168216,523.7775063306095,1.1066920933465951,164.24483961118915,1.0016355905697607,164.24483961118915,1.0016355905697607,205.0446319580078,232.78131103515625,5529.0,5529.0,0.1224889755249023,0.1781854778528213,0.0556964986026287,13.527142267654575,Food & drink service,1,1,5.0,50,2,>1000 m,0
2023-03-20 23:42:51.763,Bình Thọ,Bình Thọ,TP. Thủ Đức,Kinh doanh dịch vụ ăn uống,0-5 người,<5 năm,4,1,4,3,1,1,1,<10 phút,Không có ý kiến,4,Không,2,5,2,5,5,5,Khách hàng tiềm năng của tôi tập trung nhiều tại khu vực này,3,2,2,1,Đạt kết quả tốt,>10tr,Người tiêu dùng (mô hình B2C),>200,Có,Các vấn đề liên quan môi trường xã hội + văn hóa,5,5,4,2,2,"Thêm sân chơi cộng đồng (công viên, sân chơi thể thao,hồ bơi..)",Có,S063,True,149.36112439568035,1250.889132495653,134.0,142.73991971828528,1248.3945798517047,139.0,6.62120467739507,5.0,0,21738.29098890575,181.13164825871243,1.212709458311703,170.24622833632466,1.1927022844928483,170.24622833632466,1.1927022844928483,236.2945098876953,268.2583923339844,5991.0,5991.0,0.0663774386048317,0.0321082398295402,-0.0342692025005817,13.527137156712053,Food & drink service,1,1,5.0,250,3,>1000 m,1
2023-03-20 23:59:32.156,Bình Thọ,Bình Thọ,TP. Thủ Đức,Tạp hoá,0-5 người,>5 năm,3,2,3,2,1,1,1,<10 phút,Không có ý kiến,2,Không,4,4,2,4,4,5,Gia đình/họ hàng tôi đã kinh doanh ở đây,3,2,4,5,Đạt kết quả kém,<10tr,Người tiêu dùng (mô hình B2C),<100,Không,Có nhiều quán cùng cạnh tranh,1,4,5,1,4,Không cần thêm nữa,Không,S064,True,93.43123156380145,1278.8167185179834,124.0,91.39252349766774,1277.252309921366,129.0,2.038708066133694,5.0,0,21309.543329987988,136.5284097195572,1.4612716479748635,125.6429897971694,1.374762234247484,125.6429897971694,1.374762234247484,107.22652435302734,121.73120880126952,3568.0,3568.0,0.0651754736900329,0.0371262282133102,-0.0280492436140775,13.52714222134784,Grocery,1,1,8.0,50,1,>1000 m,0
2023-03-21 08:23:21.803,Bình Thọ,Bình Thọ,TP. Thủ Đức,Tạp hoá,0-5 người,>5 năm,1,1,2,1,2,2,2,<10 phút,Không có ý kiến,4,Không,4,4,4,3,4,5,Gia đình/họ hàng tôi đã kinh doanh ở đây,4,4,2,4,Đạt kết quả khá tốt,<10tr,Người tiêu dùng (mô hình B2C),<100,Không,Các vấn đề liên quan môi trường xã hội + văn hóa,4,4,4,3,3,Thêm trung tâm thương mại,Không,S065,True,53.51161700086077,1321.3308681841006,109.0,24.554233329172323,1320.6750286507572,114.0,28.95738367168845,5.0,0,21147.30679496755,99.43414352725728,1.8581786367184123,88.54872360486948,3.6062508007393888,88.54872360486948,3.6062508007393888,107.22652435302734,121.73120880126952,3568.0,3568.0,0.0956887453794479,0.0573104694485664,-0.0383782796561718,13.52714222134784,Grocery,1,1,8.0,50,2,>1000 m,0
2023-03-26 18:38:42.796,Linh Đông,Linh Đông,TP. Thủ Đức,Tạp hoá,0-5 người,<2 năm,4,4,3,3,3,3,3,<10 phút,Số lượng điểm dừng và tần suất các chuyến chưa đủ,2,Có,2,2,4,4,4,5,Gia đình/họ hàng tôi đã kinh doanh ở đây,4,4,4,3,Đạt kết quả khá tốt,3tr,Người tiêu dùng (mô hình B2C),>100,Không,Các vấn đề liên quan môi trường kinh tế + thương mại,4,4,4,4,3,"Thêm sân chơi cộng đồng (công viên, sân chơi thể thao,hồ bơi..)",Không,S066,True,25.87996747063271,1949.330777134542,77.0,27.338036334868047,1947.2939830701007,80.0,-1.4580688642353363,3.0,0,24888.28484297447,155.39402670154973,6.004413524780627,63.08884067083088,2.307731246606209,63.08884067083088,2.307731246606209,90.38148498535156,102.6075210571289,5095.0,5095.0,0.2302017360925674,0.2210280448198318,-0.0091736912727355,13.527146709039863,Grocery,1,1,2.0,150,2,>1000 m,0
2023-03-26 18:50:23.311,Linh Tây,Linh Tây,TP. Thủ Đức,Tạp hoá,0-5 người,>5 năm,3,3,4,3,3,2,2,10-20 phút,Thói quen sử dụng xe máy để di chuyển,3,Không,2,2,4,2,4,5,"Gia đình/họ hàng tôi đã kinh doanh ở đây, Khách hàng tiềm năng của tôi tập trung nhiều tại khu vực này, Vị trí và hệ thống giao thông thuận tiện",4,4,4,3,Đạt kết quả tốt,>10tr,Người tiêu dùng (mô hình B2C),>400,Có,Các vấn đề liên quan chính sách & quản lý của địa phương,4,4,4,2,3,Thêm dịch vụ tiện ích,Không,S067,True,192.8172960980324,2041.8205772674987,92.0,146.40105001577393,2036.3826405129355,94.0,46.41624608225845,2.0,0,26136.19149808679,208.1722096258121,1.079634523657945,160.40275114622193,1.0956393490957843,160.40275114622193,1.0956393490957843,119.65509796142578,135.84100341796875,3293.0,3293.0,0.1023087352514267,0.1111555397510528,0.0088468007743358,13.527134014599993,Grocery,1,1,8.0,450,3,>1000 m,1
2023-04-04 22:37:23.547,Trường Thọ,Trường Thọ,TP. Thủ Đức,Tạp hoá,0-5 người,>5 năm,3,4,3,4,3,3,3,<10 phút,Thói quen sử dụng xe máy để di chuyển,4,Có,2,4,2,4,4,4,Khu vực này có an ninh tốt,2,4,4,2,Đạt kết quả khá tốt,>30tr,Người tiêu dùng (mô hình B2C),<100,Có,Các vấn đề liên quan môi trường kinh tế + thương mại,2,4,4,2,2,"Thêm sân chơi cộng đồng (công viên, sân chơi thể thao,hồ bơi..)",Có,S068,True,82.71293690614526,870.2882594642391,70.0,122.77023468627068,868.8321858772408,77.0,-40.057297780125424,7.0,1,24562.596109392314,89.04233665627972,1.0765224883420166,129.1480636220242,1.0519493096356096,129.1480636220242,1.0519493096356096,206.0572967529297,233.9309539794922,5023.0,5023.0,0.0446939207613468,0.0635359138250351,0.0188419912010431,13.52713913353141,Grocery,1,1,8.0,50,2,500–1000 m,0
2023-03-20 00:01:48.713,Bình Thọ,Bình Thọ,TP. Thủ Đức,Tạp hoá,0-5 người,>5 năm,4,1,4,1,1,1,2,<10 phút,Thói quen sử dụng xe máy để di chuyển,2,Không,2,4,4,5,4,4,Gia đình/họ hàng tôi đã kinh doanh ở đây,2,2,2,4,Đạt kết quả khá tốt,>30tr,Người tiêu dùng (mô hình B2C),>100,Có,Các vấn đề liên quan môi trường kinh tế + thương mại,4,4,4,2,3,"Thêm dịch vụ tiện ích, Thêm sân chơi cộng đồng (công viên, sân chơi thể thao,hồ bơi..)",Không,S069,True,51.64275782213461,1312.569493398389,111.0,32.006837822793855,1311.8490363481876,116.0,19.63591999934076,5.0,0,21356.40682675388,63.376120564605536,1.2272024817668024,52.49070064221773,1.6399839600785608,52.49070064221773,1.6399839600785608,107.22652435302734,121.73120880126952,3568.0,3568.0,0.0956887453794479,0.0573104694485664,-0.0383782796561718,13.52714222134784,Grocery,1,1,8.0,150,2,>1000 m,0
2023-03-21 11:46:17.242,Trường Thọ,Trường Thọ,TP. Thủ Đức,Tạp hoá,0-5 người,>5 năm,2,1,2,1,1,1,1,<10 phút,Không có ý kiến,2,Không,4,4,4,4,4,4,Gia đình/họ hàng tôi đã kinh doanh ở đây,3,4,4,4,Đạt kết quả kém,>10tr,Người tiêu dùng (mô hình B2C),<100,Không,Các vấn đề liên quan môi trường kinh tế + thương mại,2,4,4,2,2,"Thêm nơi làm việc, Thêm sân chơi cộng đồng (công viên, sân chơi thể thao,hồ bơi..)",Có,S070,True,240.7077811712588,1510.7001762512334,83.0,33.96661700445462,1512.1947855288329,86.0,206.7411641668042,3.0,0,21472.044145907912,295.88069045900653,1.2292111581074867,44.349231700456,1.3056711445428824,44.349231700456,1.3056711445428824,165.5373077392578,187.9297637939453,4505.0,4505.0,0.0871502384543418,0.083137109875679,-0.0040131276473402,13.527135580795148,Grocery,1,1,8.0,50,1,>1000 m,0
2023-03-21 11:56:55.636,Bình Thọ,Bình Thọ,TP. Thủ Đức,Tạp hoá,0-5 người,<2 năm,2,1,1,1,2,2,1,<10 phút,Không có ý kiến,2,Không,2,4,2,4,4,4,Khách hàng tiềm năng của tôi tập trung nhiều tại khu vực này,3,2,4,4,Đạt kết quả khá tốt,>10tr,Người tiêu dùng (mô hình B2C),<100,Không,Khóng có ý kiến,3,4,4,2,2,Thêm nơi làm việc,Không,S071,True,48.74850710902524,1294.416500979527,113.0,46.70653384267007,1293.6397412577471,118.0,2.0419732663551717,5.0,0,21700.042009754037,126.54880049617866,2.595952327589321,115.66338057379086,2.476385444559008,115.66338057379086,2.476385444559008,107.22652435302734,121.73120880126952,3568.0,3568.0,0.1464788764715194,0.165762796998024,0.0192839186638593,13.52714222134784,Grocery,1,1,2.0,50,2,>1000 m,0
2023-03-27 23:31:01.498,Trường Thọ,Trường Thọ,TP. Thủ Đức,Bán rau,0-5 người,<5 năm,1,4,1,1,1,1,1,<10 phút,Thói quen sử dụng xe máy để di chuyển,3,Không,2,2,4,4,4,4,Khách hàng tiềm năng của tôi tập trung nhiều tại khu vực này,3,4,4,4,Đạt kết quả khá tốt,>10tr,Người tiêu dùng (mô hình B2C),<100,Không,Các vấn đề liên quan môi trường kinh tế + thương mại,4,4,4,2,2,"Thêm sân chơi cộng đồng (công viên, sân chơi thể thao,hồ bơi..)",Không,S072,True,174.99725225211554,1797.7498165790528,81.0,167.98848259364422,1797.1883602398957,84.0,7.008769658471323,3.0,0,23406.07210270524,325.9946388517709,1.862855757198496,229.83090016436287,1.3681348662474224,229.83090016436287,1.3681348662474224,212.67308044433597,241.4416656494141,5995.0,5995.0,0.1533715277910232,0.1532424688339233,-0.000129067513626,13.52713993937182,Other,1,1,5.0,50,2,>1000 m,0
2023-03-27 23:44:04.538,Linh Chiểu,Linh Chiểu,TP. Thủ Đức,Kinh doanh dịch vụ ăn uống,0-5 người,<1 năm,1,2,1,1,1,1,1,<10 phút,Thói quen sử dụng xe máy để di chuyển,4,Có,2,2,4,4,4,4,Khách hàng tiềm năng của tôi tập trung nhiều tại khu vực này,2,4,3,2,Đạt kết quả khá tốt,>10tr,Người tiêu dùng (mô hình B2C),<100,Không,Các vấn đề liên quan môi trường kinh tế + thương mại,2,2,3,2,2,Thêm nơi làm việc,Không,S073,True,91.73672332237112,2107.1254160059084,98.0,159.42287564043983,2099.1892002621403,101.0,-67.6861523180687,3.0,0,25436.37672639983,146.10952093424302,1.5927048148515286,278.69208155635084,1.7481310661144336,278.69208155635084,1.7481310661144336,161.1654510498047,182.96652221679688,4140.0,4140.0,0.1320912688970565,0.163437157869339,0.0313458815217018,13.527136880133844,Food & drink service,1,1,1.0,50,2,>1000 m,0
2023-03-27 23:50:50.111,Bình Thọ,Bình Thọ,TP. Thủ Đức,Quần áo,0-5 người,>5 năm,2,4,3,3,2,2,2,<10 phút,Không có ý kiến,3,Có,3,3,5,4,4,4,Gia đình/họ hàng tôi đã kinh doanh ở đây,2,5,4,4,Đạt kết quả tốt,>50tr,Cả 2,<100,Có,Các vấn đề liên quan môi trường kinh tế + thương mại,4,4,3,3,3,Thêm dịch vụ tiện ích,Không,S074,True,104.49307526874794,2001.9002246765751,72.0,97.77992977933016,2001.1338022391976,74.0,6.713145489417798,2.0,0,25079.76940561152,125.6804749158286,1.2027636720671522,184.614348221028,1.8880597341158445,184.614348221028,1.8880597341158445,92.78154754638672,105.33223724365234,3550.0,3550.0,0.2133425921201706,0.2158737778663635,0.0025311757344752,13.527139856112909,Other,0,1,8.0,50,3,>1000 m,3
2023-03-27 23:58:41.300,Linh Tây,Linh Tây,TP. Thủ Đức,Đồ điện,0-5 người,>5 năm,4,4,4,4,4,4,2,<10 phút,Thói quen sử dụng xe máy để di chuyển,2,Không,2,2,4,4,4,4,Gia đình/họ hàng tôi đã kinh doanh ở đây,3,2,2,2,Đạt kết quả kém,>10tr,Người tiêu dùng (mô hình B2C),<100,Không,Các vấn đề liên quan môi trường kinh tế + thương mại,2,4,4,2,2,"Thêm sân chơi cộng đồng (công viên, sân chơi thể thao,hồ bơi..)",Không,S075,True,46.077821422075125,2057.374089766816,74.0,69.07489713877115,2054.2938118509333,76.0,-22.997075716696024,2.0,0,26465.6348724,68.82916040223165,1.4937589989716122,101.13896879346164,1.464192825220918,101.13896879346164,1.464192825220918,161.8167724609375,183.70594787597656,4245.0,4245.0,0.1841116547584533,0.1620025634765625,-0.0221090801060199,13.527136329655258,Other,1,1,8.0,50,1,>1000 m,0
2023-04-02 09:03:55.688,Phước Long A,Phước Long A,TP. Thủ Đức,Bánh ngọt,0-5 người,>5 năm,1,1,2,1,1,1,1,>30 phút,Thói quen sử dụng xe máy để di chuyển,2,Có,2,4,4,4,4,4,Gia đình/họ hàng tôi đã kinh doanh ở đây,2,4,4,4,Đạt kết quả khá tốt,>10tr,Người tiêu dùng (mô hình B2C),>100,Không,Các vấn đề liên quan môi trường kinh tế + thương mại,2,4,4,2,2,"Thêm sân chơi cộng đồng (công viên, sân chơi thể thao,hồ bơi..)",Có,S076,True,15.12646369345944,387.7972889243075,37.0,247.15781562763,376.5408251533036,45.0,-232.0313519341705,8.0,1,23426.199281887617,15.202145159374156,1.0050032491035852,344.64324290403204,1.3944258328584456,344.64324290403204,1.3944258328584456,184.2939453125,206.55967712402344,5692.0,5692.0,0.1289232224225998,0.1287933140993118,-0.0001299160503549,12.081640432499457,Other,1,1,8.0,150,2,<500 m,0
2023-04-02 09:12:32.211,Linh Đông,Linh Đông,TP. Thủ Đức,"Bánh tráng, mì, nui",0-5 người,>5 năm,1,1,2,1,1,1,1,>30 phút,Thói quen sử dụng xe máy để di chuyển,2,Có,2,4,4,4,4,4,Gia đình/họ hàng tôi đã kinh doanh ở đây,2,4,4,4,Đạt kết quả tốt,>10tr,Người tiêu dùng (mô hình B2C),>200,Không,Các vấn đề liên quan môi trường kinh tế + thương mại,4,4,4,3,2,"Thêm sân chơi cộng đồng (công viên, sân chơi thể thao,hồ bơi..)",Không,S077,True,128.5677965945949,2144.481937221938,20.0,114.08497455376798,2156.418446658038,22.0,14.482822040826932,2.0,0,23014.206712891413,154.5788443395906,1.2023138642331623,143.17702406824793,1.2550033396445992,143.17702406824793,1.2550033396445992,215.25604248046875,244.37403869628903,4760.0,4760.0,0.1732979714870453,0.1712512969970703,-0.002046673791483,13.527144641462192,Other,1,1,8.0,250,3,>1000 m,0
2023-04-04 21:17:41.230,Trường Thọ,Trường Thọ,TP. Thủ Đức,Tranh thuê ,0-5 người,>5 năm,3,4,1,2,2,2,2,<10 phút,Thói quen sử dụng xe máy để di chuyển,4,Không,4,4,1,1,1,1,Vị trí và hệ thống giao thông thuận tiện,1,4,4,2,Đạt kết quả khá tốt,>10tr,Người tiêu dùng (mô hình B2C),>100,Không,Các vấn đề liên quan cơ sở hạ tầng + giao thông,3,4,4,3,3,"Thêm trung tâm thương mại, Thêm nơi làm việc",Không,S078,True,130.65751100278604,1840.3465151537573,88.0,108.56760292835584,1837.3076322582867,90.0,22.089908074430213,2.0,0,24669.398807368398,153.2959772809628,1.1732657089854868,143.5973615208047,1.3226538824437817,143.5973615208047,1.3226538824437817,197.5767822265625,224.3032684326172,4577.0,4577.0,0.1519649624824524,0.1505836099386215,-0.0013813466066494,13.527139122757482,Other,1,1,8.0,150,2,>1000 m,0
2023-04-08 16:29:11.746,Trường Thọ,Trường Thọ,TP. Thủ Đức,Cafe,0-5 người,<5 năm,1,1,1,1,2,2,3,20-30 phút,Thói quen sử dụng xe máy để di chuyển,4,Không,4,4,4,4,4,4,Vị trí và hệ thống giao thông thuận tiện,2,2,4,4,Đạt kết quả khá tốt,>10tr,Người tiêu dùng (mô hình B2C),>400,Không,Các vấn đề liên quan môi trường kinh tế + thương mại,2,4,4,2,2,"Thêm sân chơi cộng đồng (công viên, sân chơi thể thao,hồ bơi..)",Có,S079,True,136.25228901426743,721.0586549101383,53.0,32.925118937437226,717.1722728756096,60.0,103.3271700768302,7.0,1,24621.018644989053,182.15590011479443,1.3369015774532806,82.12806001572578,2.494389167485824,82.12806001572578,2.494389167485824,104.70601654052734,118.86974334716795,3460.0,3460.0,0.1379519253969192,0.1227489858865737,-0.0152029395103454,13.52713747940018,Other,1,1,5.0,450,2,500–1000 m,1
2023-04-08 16:36:27.181,Trường Thọ,Trường Thọ,TP. Thủ Đức,Tạp hoá,0-5 người,>5 năm,1,1,1,1,2,2,1,<10 phút,Thói quen sử dụng xe máy để di chuyển,2,Có,4,4,4,4,4,4,Gia đình/họ hàng tôi đã kinh doanh ở đây,2,4,4,4,Đạt kết quả khá tốt,>10tr,Người tiêu dùng (mô hình B2C),>100,Không,Các vấn đề liên quan môi trường kinh tế + thương mại,2,4,4,2,2,Thêm trung tâm thương mại,Có,S080,True,116.4079066259019,733.419965339212,57.0,16.345478633873597,729.7844109156148,64.0,100.0624279920283,7.0,1,24912.093164295933,153.81103086734666,1.321310857016324,36.60351842181136,2.239366569906124,36.60351842181136,2.239366569906124,122.73770141601562,139.34060668945312,3912.0,3912.0,0.0670941174030304,0.0512900203466415,-0.0158040933310985,13.527143723477815,Grocery,1,1,8.0,150,2,500–1000 m,0
